               epoch,      train/box_loss,      train/obj_loss,      train/cls_loss,   metrics/precision,      metrics/recall,     metrics/mAP_0.5,metrics/mAP_0.5:0.95,        val/box_loss,        val/obj_loss,        val/cls_loss,               x/lr0,               x/lr1,               x/lr2
                   0,             0.11616,            0.030637,            0.063362,           0.0004107,             0.13182,          0.00061646,            0.000175,             0.10268,            0.028648,            0.062353,              0.0955,              0.0005,              0.0005
                   1,             0.10561,            0.030293,            0.062357,           0.0011031,             0.32424,            0.015785,            0.002157,            0.089754,            0.029107,            0.058325,            0.090095,           0.0010946,           0.0010946
                   2,            0.089337,            0.032934,            0.058797,           0.0025395,             0.72506,            0.012534,           0.0034177,            0.071285,            0.030083,            0.055871,            0.084683,           0.0016832,           0.0016832
                   3,            0.076255,             0.03495,            0.057284,           0.0031471,              0.8524,            0.060333,            0.015222,            0.063475,            0.030003,            0.054975,            0.079266,           0.0022658,           0.0022658
                   4,            0.068533,            0.030687,            0.057134,            0.003591,             0.96591,            0.096695,            0.030659,            0.062228,            0.028087,            0.054636,            0.073843,           0.0028426,           0.0028426
                   5,            0.066446,            0.030813,            0.055668,           0.0035248,             0.98864,             0.19343,            0.045206,            0.054022,            0.027602,             0.05349,            0.068413,           0.0034134,           0.0034134
                   6,             0.06306,            0.033623,            0.055516,           0.0035052,                   1,             0.17937,            0.042786,            0.057088,            0.025591,            0.052607,            0.062978,           0.0039782,           0.0039782
                   7,            0.058171,            0.029223,            0.054335,           0.0035056,                   1,             0.26068,            0.063381,            0.061551,            0.022416,            0.052904,            0.057537,           0.0045371,           0.0045371
                   8,             0.06161,            0.029347,            0.054132,           0.0038002,                   1,             0.38383,             0.14547,             0.05212,            0.023362,            0.052085,             0.05209,           0.0050901,           0.0050901
                   9,            0.061759,            0.027438,            0.053701,           0.0037809,                   1,             0.42278,             0.14368,            0.053417,            0.021834,            0.050952,            0.046637,           0.0056372,           0.0056372
                  10,            0.062522,            0.026377,            0.052229,            0.004309,                   1,             0.52842,             0.19067,            0.049475,            0.021777,            0.048874,            0.041178,           0.0061782,           0.0061782
                  11,            0.059599,            0.026325,             0.05118,            0.036628,                   1,              0.4553,             0.15258,             0.04885,             0.01963,             0.04805,            0.035713,           0.0067134,           0.0067134
                  12,            0.058625,            0.025619,            0.050425,             0.16274,             0.87361,             0.43215,             0.12024,            0.052181,            0.017882,            0.047066,            0.030243,           0.0072426,           0.0072426
                  13,            0.060158,            0.023202,            0.049443,             0.58088,             0.30132,             0.45246,             0.16152,            0.049877,            0.017147,            0.045119,            0.024766,           0.0077659,           0.0077659
                  14,            0.057245,            0.024404,            0.047567,              0.6631,             0.34008,             0.49841,             0.23264,            0.063302,            0.014003,            0.044391,            0.019283,           0.0082832,           0.0082832
                  15,            0.056909,            0.019982,            0.045628,             0.29537,             0.38987,             0.35971,             0.10948,            0.068905,            0.012656,             0.04258,            0.013795,           0.0087946,           0.0087946
                  16,            0.062167,            0.018574,            0.046715,             0.26112,             0.33085,             0.29894,             0.13533,            0.053082,            0.015059,            0.042504,            0.009208,            0.009208,            0.009208
                  17,            0.061241,             0.02005,            0.045094,             0.48863,             0.47062,             0.52611,             0.23807,            0.049965,            0.013686,            0.043706,            0.009208,            0.009208,            0.009208
                  18,            0.056539,            0.019437,            0.043648,             0.34099,             0.53428,             0.39566,             0.16454,            0.061925,             0.01234,            0.039981,           0.0091585,           0.0091585,           0.0091585
                  19,            0.056082,            0.019427,            0.041471,             0.40141,             0.61554,             0.63112,              0.2951,            0.052005,            0.012349,            0.039202,            0.009109,            0.009109,            0.009109
                  20,            0.053095,            0.017047,            0.039847,             0.36996,             0.72588,             0.58995,             0.16271,            0.054374,            0.011718,            0.040588,           0.0090595,           0.0090595,           0.0090595
                  21,            0.053726,            0.017484,            0.040286,             0.56946,             0.76856,             0.81532,             0.44427,            0.042967,             0.01215,            0.035167,             0.00901,             0.00901,             0.00901
                  22,            0.053447,            0.015774,            0.038012,             0.37683,             0.74602,             0.47756,             0.20373,            0.058264,            0.011856,            0.033234,           0.0089605,           0.0089605,           0.0089605
                  23,            0.053853,            0.015918,            0.037949,             0.46292,             0.77321,              0.7277,             0.39002,            0.055754,            0.010584,            0.032144,            0.008911,            0.008911,            0.008911
                  24,            0.055246,            0.013264,            0.036604,             0.63996,             0.81823,             0.83967,             0.32477,            0.044774,            0.011282,            0.032944,           0.0088615,           0.0088615,           0.0088615
                  25,            0.050647,            0.014058,            0.034278,              0.5421,              0.8533,             0.64237,             0.29774,             0.05088,            0.010735,             0.03125,            0.008812,            0.008812,            0.008812
                  26,            0.053746,            0.013336,            0.033309,             0.53234,             0.91544,             0.75637,             0.33097,            0.044985,            0.011402,            0.029858,           0.0087625,           0.0087625,           0.0087625
                  27,            0.048496,             0.01419,            0.033756,             0.63984,             0.84451,             0.79295,             0.42559,            0.049458,            0.010178,            0.028066,            0.008713,            0.008713,            0.008713
                  28,            0.051991,            0.012261,            0.031755,             0.66534,             0.85404,             0.81236,             0.41012,            0.040699,            0.010446,            0.028222,           0.0086635,           0.0086635,           0.0086635
                  29,            0.052131,            0.011031,             0.03115,             0.68099,             0.90114,              0.8271,              0.4687,            0.038483,           0.0099594,            0.025735,            0.008614,            0.008614,            0.008614
                  30,            0.045216,            0.011586,            0.030125,             0.66572,             0.89585,             0.88439,             0.44387,             0.03897,            0.009716,            0.025659,           0.0085645,           0.0085645,           0.0085645
                  31,            0.042162,            0.011345,            0.030372,             0.82294,              0.7202,             0.83298,             0.44418,            0.048907,           0.0092306,            0.024382,            0.008515,            0.008515,            0.008515
                  32,            0.047962,            0.010499,            0.029058,             0.68818,             0.88463,             0.84405,             0.48296,            0.037085,           0.0095605,            0.023796,           0.0084655,           0.0084655,           0.0084655
                  33,            0.044317,            0.012622,             0.02857,             0.59111,             0.86862,             0.75705,             0.42421,            0.043951,           0.0089418,            0.023403,            0.008416,            0.008416,            0.008416
                  34,            0.049706,            0.011323,            0.027287,              0.6761,             0.81255,             0.77311,             0.41204,            0.041197,           0.0087947,            0.022903,           0.0083665,           0.0083665,           0.0083665
                  35,            0.044386,           0.0099508,            0.025669,             0.50749,             0.91447,              0.7779,             0.40852,            0.048529,           0.0084883,            0.021215,            0.008317,            0.008317,            0.008317
                  36,            0.050485,            0.010507,            0.027242,             0.69545,             0.85227,             0.81714,             0.43224,            0.038648,           0.0083693,            0.020667,           0.0082675,           0.0082675,           0.0082675
                  37,            0.044134,            0.011858,            0.026931,             0.75456,             0.92595,             0.94957,             0.48995,            0.036973,           0.0080304,            0.019414,            0.008218,            0.008218,            0.008218
                  38,            0.042863,            0.011364,            0.024398,             0.82049,             0.82551,             0.89833,             0.49597,             0.04065,             0.00809,            0.018775,           0.0081685,           0.0081685,           0.0081685
                  39,            0.043881,            0.010666,             0.02405,             0.64663,             0.95644,             0.91054,             0.46818,            0.040958,           0.0080441,            0.018073,            0.008119,            0.008119,            0.008119
                  40,            0.043989,            0.010573,            0.023034,              0.8142,             0.95694,             0.97167,             0.52724,             0.03293,           0.0077716,            0.017768,           0.0080695,           0.0080695,           0.0080695
                  41,            0.042786,           0.0095556,             0.02107,             0.87597,             0.97817,             0.99013,             0.58888,            0.030467,            0.007705,            0.016793,             0.00802,             0.00802,             0.00802
                  42,            0.041203,             0.01136,             0.01973,             0.62856,             0.95018,             0.87338,             0.40486,            0.047035,            0.007874,            0.016383,           0.0079705,           0.0079705,           0.0079705
                  43,            0.040678,           0.0098309,            0.021806,             0.94042,             0.99879,               0.995,             0.63725,            0.032377,           0.0075147,            0.015562,            0.007921,            0.007921,            0.007921
                  44,            0.038534,            0.011088,            0.020174,             0.84029,             0.99705,             0.95424,             0.54214,            0.034304,           0.0074311,            0.015129,           0.0078715,           0.0078715,           0.0078715
                  45,            0.038787,           0.0086813,            0.018318,             0.80412,             0.98926,             0.95566,             0.59088,            0.031033,           0.0071979,            0.014714,            0.007822,            0.007822,            0.007822
                  46,            0.040049,           0.0098559,            0.017474,             0.72364,             0.96937,             0.92661,             0.54389,            0.034263,           0.0072813,            0.014251,           0.0077725,           0.0077725,           0.0077725
                  47,              0.0347,           0.0097864,            0.016372,             0.79176,             0.98377,             0.93281,             0.59034,            0.032221,           0.0071774,             0.01316,            0.007723,            0.007723,            0.007723
                  48,            0.039302,           0.0091702,             0.01802,              0.7739,             0.97835,             0.94315,             0.54425,            0.034433,           0.0072746,            0.013356,           0.0076735,           0.0076735,           0.0076735
                  49,            0.038769,           0.0097906,            0.016172,             0.77796,             0.98915,             0.95874,             0.59808,            0.034911,           0.0075918,            0.012682,            0.007624,            0.007624,            0.007624
                  50,            0.040887,           0.0091625,            0.015424,             0.68977,             0.98972,             0.89658,             0.53865,            0.035339,           0.0075597,            0.012144,           0.0075745,           0.0075745,           0.0075745
                  51,             0.03873,           0.0092171,            0.015398,             0.82097,             0.99083,              0.9778,             0.63901,            0.035227,           0.0069626,            0.011591,            0.007525,            0.007525,            0.007525
                  52,             0.03986,           0.0086986,            0.016135,             0.86266,             0.99609,             0.92861,             0.66481,            0.030408,           0.0068831,            0.011444,           0.0074755,           0.0074755,           0.0074755
                  53,            0.037647,           0.0094513,            0.016627,              0.9628,             0.99941,               0.995,             0.64807,            0.031137,           0.0068297,            0.010392,            0.007426,            0.007426,            0.007426
                  54,            0.037769,           0.0079833,            0.013185,             0.71137,             0.97727,              0.8341,             0.46873,            0.040324,            0.007412,           0.0097975,           0.0073765,           0.0073765,           0.0073765
                  55,            0.039315,            0.008166,            0.013374,             0.86136,             0.96591,             0.96686,             0.53253,            0.035205,           0.0070935,           0.0094033,            0.007327,            0.007327,            0.007327
                  56,            0.036614,           0.0091511,            0.014229,             0.97917,                   1,               0.995,             0.72049,            0.025823,           0.0065991,           0.0091787,           0.0072775,           0.0072775,           0.0072775
                  57,            0.033759,           0.0083856,            0.012021,             0.95482,             0.99451,             0.99406,             0.63027,             0.02674,           0.0066397,           0.0084628,            0.007228,            0.007228,            0.007228
                  58,            0.036287,           0.0086517,            0.012642,             0.85367,             0.98169,             0.95547,             0.60505,             0.03379,           0.0068685,           0.0081538,           0.0071785,           0.0071785,           0.0071785
                  59,            0.035031,           0.0084452,            0.010898,             0.80508,             0.96314,             0.93173,             0.54538,            0.034883,            0.006911,           0.0079312,            0.007129,            0.007129,            0.007129
                  60,            0.035248,           0.0087511,            0.012862,             0.93808,             0.99501,             0.98395,             0.70237,             0.02464,           0.0064765,           0.0078336,           0.0070795,           0.0070795,           0.0070795
                  61,             0.03743,           0.0091168,            0.010963,             0.89954,              0.9961,             0.97053,             0.61644,            0.030537,           0.0066403,           0.0073124,             0.00703,             0.00703,             0.00703
                  62,            0.035944,           0.0090529,            0.010664,             0.90053,                   1,             0.98019,             0.67021,            0.027155,           0.0063649,           0.0072405,           0.0069805,           0.0069805,           0.0069805
                  63,            0.031532,           0.0078028,            0.011188,             0.96469,             0.99745,               0.995,             0.67422,            0.028388,           0.0063548,           0.0070769,            0.006931,            0.006931,            0.006931
                  64,            0.032723,           0.0072586,            0.012833,             0.94965,                   1,             0.99159,             0.68015,            0.025675,           0.0063777,            0.006834,           0.0068815,           0.0068815,           0.0068815
                  65,            0.031126,            0.008473,            0.011626,             0.97039,                   1,             0.99273,             0.62129,              0.0295,           0.0065385,           0.0061805,            0.006832,            0.006832,            0.006832
                  66,            0.033702,           0.0092136,            0.010534,             0.98004,                   1,               0.995,             0.60235,            0.028189,            0.006452,           0.0059965,           0.0067825,           0.0067825,           0.0067825
                  67,            0.033296,           0.0074439,            0.010077,              0.9733,                   1,               0.995,             0.68416,            0.027638,           0.0064452,           0.0058052,            0.006733,            0.006733,            0.006733
                  68,            0.032734,           0.0085608,           0.0087912,             0.95574,                   1,             0.98346,             0.62018,            0.028012,           0.0064704,           0.0059672,           0.0066835,           0.0066835,           0.0066835
                  69,            0.031066,           0.0088562,           0.0091878,             0.83592,             0.98521,             0.95926,             0.62897,            0.028342,           0.0063816,           0.0055983,            0.006634,            0.006634,            0.006634
                  70,            0.033774,           0.0075723,           0.0090618,             0.98694,                   1,               0.995,             0.68654,            0.026543,           0.0061866,           0.0055421,           0.0065845,           0.0065845,           0.0065845
                  71,            0.032265,           0.0086224,           0.0085958,             0.88682,             0.98324,             0.97131,             0.65943,            0.027024,           0.0061894,           0.0054203,            0.006535,            0.006535,            0.006535
                  72,            0.032397,           0.0084188,           0.0082513,              0.9838,                   1,               0.995,             0.67702,            0.028908,           0.0062911,           0.0054018,           0.0064855,           0.0064855,           0.0064855
                  73,             0.03265,           0.0084196,           0.0090334,              0.9637,             0.98478,               0.995,             0.63328,            0.028341,            0.006203,           0.0052596,            0.006436,            0.006436,            0.006436
                  74,            0.032968,           0.0082894,           0.0087998,             0.95413,                   1,              0.9878,             0.67994,            0.025806,           0.0059588,           0.0052132,           0.0063865,           0.0063865,           0.0063865
                  75,            0.031452,           0.0066766,           0.0093479,             0.93225,             0.98289,             0.98736,             0.73348,            0.025976,           0.0058733,           0.0054186,            0.006337,            0.006337,            0.006337
                  76,            0.031591,           0.0069807,           0.0093334,             0.97876,                   1,               0.995,             0.67864,            0.026526,           0.0061081,           0.0055142,           0.0062875,           0.0062875,           0.0062875
                  77,            0.026535,           0.0073498,           0.0085552,             0.88562,               0.975,             0.98616,              0.6474,            0.027701,           0.0059337,           0.0054011,            0.006238,            0.006238,            0.006238
                  78,            0.031874,           0.0080553,           0.0083526,              0.9229,                   1,             0.99219,             0.67453,            0.023427,            0.005825,           0.0053332,           0.0061885,           0.0061885,           0.0061885
                  79,            0.027351,           0.0087571,           0.0075335,             0.97365,                   1,               0.995,             0.63899,            0.025667,           0.0059155,           0.0052505,            0.006139,            0.006139,            0.006139
                  80,            0.029503,           0.0069541,           0.0072448,             0.96699,                   1,             0.99041,             0.73173,            0.024169,           0.0057525,           0.0049231,           0.0060895,           0.0060895,           0.0060895
                  81,            0.028044,           0.0079323,           0.0075221,             0.95739,                   1,              0.9902,             0.70239,            0.027027,           0.0060145,           0.0044805,             0.00604,             0.00604,             0.00604
                  82,            0.031567,           0.0082286,           0.0070038,             0.98816,                   1,               0.995,             0.73787,            0.021749,           0.0056071,           0.0043568,           0.0059905,           0.0059905,           0.0059905
                  83,            0.028268,           0.0077561,           0.0064709,             0.89211,                   1,             0.97826,             0.65858,            0.025668,           0.0059155,            0.004222,            0.005941,            0.005941,            0.005941
                  84,            0.030297,           0.0077889,           0.0070616,             0.98184,                   1,               0.995,             0.73474,            0.022475,           0.0057594,           0.0042772,           0.0058915,           0.0058915,           0.0058915
                  85,            0.027448,           0.0080758,           0.0075545,             0.96761,             0.98054,             0.99219,             0.77302,            0.021153,            0.005623,           0.0044201,            0.005842,            0.005842,            0.005842
                  86,            0.028236,           0.0072831,           0.0082863,             0.98652,             0.99252,               0.995,             0.71021,            0.023355,           0.0055549,           0.0045963,           0.0057925,           0.0057925,           0.0057925
                  87,            0.029176,           0.0077091,           0.0068179,               0.981,             0.99813,               0.995,              0.7419,             0.02277,           0.0055032,           0.0050837,            0.005743,            0.005743,            0.005743
                  88,            0.027315,           0.0081942,           0.0073874,             0.95212,             0.97555,              0.9857,             0.74995,            0.019462,           0.0053834,           0.0048581,           0.0056935,           0.0056935,           0.0056935
                  89,            0.029951,           0.0075344,             0.00768,             0.97456,                   1,               0.995,             0.72871,            0.020298,           0.0054084,           0.0050614,            0.005644,            0.005644,            0.005644
                  90,            0.027045,           0.0075379,           0.0074982,             0.97305,                   1,               0.995,             0.67776,            0.024757,           0.0054554,           0.0047136,           0.0055945,           0.0055945,           0.0055945
                  91,            0.027386,           0.0077764,           0.0086793,             0.96668,             0.98958,             0.99162,             0.75258,            0.022522,           0.0055202,           0.0048505,            0.005545,            0.005545,            0.005545
                  92,            0.026412,           0.0072408,            0.007392,             0.98654,                   1,               0.995,             0.73963,            0.021446,            0.005405,           0.0045043,           0.0054955,           0.0054955,           0.0054955
                  93,            0.025228,           0.0071762,           0.0080962,              0.9858,                   1,               0.995,             0.71061,            0.021038,           0.0052192,           0.0042484,            0.005446,            0.005446,            0.005446
                  94,            0.025214,           0.0068765,           0.0068039,             0.98908,                   1,               0.995,             0.77835,            0.020769,            0.005263,           0.0040464,           0.0053965,           0.0053965,           0.0053965
                  95,            0.025317,           0.0065865,            0.007461,             0.98529,                   1,               0.995,             0.77451,            0.020288,           0.0053251,           0.0038471,            0.005347,            0.005347,            0.005347
                  96,            0.025169,           0.0071655,           0.0068898,              0.9891,                   1,               0.995,             0.75721,            0.021715,           0.0052829,           0.0037656,           0.0052975,           0.0052975,           0.0052975
                  97,            0.025321,           0.0076805,           0.0074888,             0.99034,                   1,               0.995,             0.74702,            0.020898,           0.0053673,            0.003637,            0.005248,            0.005248,            0.005248
                  98,            0.026271,           0.0073933,           0.0065861,             0.98949,                   1,               0.995,             0.76531,            0.021621,           0.0053477,           0.0035725,           0.0051985,           0.0051985,           0.0051985
                  99,            0.024218,           0.0065773,           0.0061606,              0.9644,                   1,             0.99313,             0.78996,            0.020299,           0.0051341,           0.0036819,            0.005149,            0.005149,            0.005149
                 100,            0.023723,            0.006654,           0.0065274,              0.9847,                   1,               0.995,             0.77495,            0.018596,           0.0051273,           0.0037998,           0.0050995,           0.0050995,           0.0050995
                 101,            0.024468,           0.0063997,           0.0063997,              0.9864,                   1,               0.995,             0.78546,            0.019548,            0.005189,           0.0038652,             0.00505,             0.00505,             0.00505
                 102,            0.024839,           0.0073057,           0.0068454,             0.98929,                   1,               0.995,             0.74515,            0.020782,           0.0051073,           0.0037819,           0.0050005,           0.0050005,           0.0050005
                 103,            0.026289,            0.006516,           0.0066154,             0.89112,                   1,             0.99135,             0.76444,            0.021157,           0.0050345,           0.0037405,            0.004951,            0.004951,            0.004951
                 104,            0.024314,           0.0072348,            0.007283,              0.9777,                   1,               0.995,             0.74065,            0.019993,           0.0050193,           0.0036306,           0.0049015,           0.0049015,           0.0049015
                 105,             0.02218,           0.0067869,            0.006662,             0.98724,                   1,               0.995,             0.75707,            0.021766,           0.0051694,           0.0034805,            0.004852,            0.004852,            0.004852
                 106,             0.02466,           0.0071179,           0.0073424,              0.9877,                   1,               0.995,             0.80049,            0.018926,           0.0049393,           0.0035159,           0.0048025,           0.0048025,           0.0048025
                 107,            0.021776,           0.0070341,            0.006365,             0.98081,                   1,               0.995,               0.774,            0.019807,           0.0049628,           0.0034682,            0.004753,            0.004753,            0.004753
                 108,            0.025032,           0.0065338,           0.0081538,             0.98515,                   1,               0.995,             0.81939,             0.01794,            0.004873,           0.0033845,           0.0047035,           0.0047035,           0.0047035
                 109,             0.02387,           0.0073022,           0.0066287,             0.98618,                   1,               0.995,             0.78218,            0.019496,           0.0050414,           0.0032206,            0.004654,            0.004654,            0.004654
                 110,             0.02333,            0.007165,           0.0052904,             0.98596,                   1,               0.995,             0.76276,             0.01837,            0.004936,           0.0031974,           0.0046045,           0.0046045,           0.0046045
                 111,             0.02165,           0.0065801,           0.0062613,             0.94952,                   1,             0.99083,             0.81541,             0.01891,           0.0049447,           0.0030654,            0.004555,            0.004555,            0.004555
                 112,            0.022279,           0.0074271,           0.0053184,             0.99035,                   1,               0.995,             0.79334,            0.019617,           0.0050868,           0.0029857,           0.0045055,           0.0045055,           0.0045055
                 113,            0.022115,           0.0063904,           0.0053869,              0.9874,                   1,               0.995,             0.78846,             0.01929,           0.0051522,           0.0029224,            0.004456,            0.004456,            0.004456
                 114,             0.02275,           0.0061107,           0.0049087,             0.98745,                   1,               0.995,             0.75552,            0.018452,           0.0049824,           0.0029235,           0.0044065,           0.0044065,           0.0044065
                 115,            0.022368,            0.006842,           0.0055679,             0.97059,                   1,             0.99313,             0.81736,            0.017918,           0.0048811,           0.0029235,            0.004357,            0.004357,            0.004357
                 116,            0.022162,           0.0071069,           0.0054688,             0.99073,                   1,               0.995,             0.82549,            0.017428,           0.0048888,           0.0029227,           0.0043075,           0.0043075,           0.0043075
                 117,            0.021624,           0.0058274,           0.0044089,             0.98961,                   1,               0.995,             0.80226,            0.018444,           0.0048015,            0.002933,            0.004258,            0.004258,            0.004258
                 118,            0.022334,           0.0066166,           0.0052416,             0.98927,                   1,               0.995,             0.80451,            0.016862,           0.0047648,           0.0029765,           0.0042085,           0.0042085,           0.0042085
                 119,            0.021351,           0.0064254,           0.0047611,             0.98923,                   1,               0.995,             0.78346,             0.01754,           0.0049586,           0.0030003,            0.004159,            0.004159,            0.004159
                 120,            0.021713,           0.0073928,           0.0047465,             0.98295,                   1,               0.995,             0.79977,            0.017527,             0.00474,           0.0029982,           0.0041095,           0.0041095,           0.0041095
                 121,            0.022219,           0.0064037,           0.0052731,             0.98519,                   1,               0.995,             0.76834,            0.019433,           0.0049939,           0.0029826,             0.00406,             0.00406,             0.00406
                 122,            0.023154,           0.0067191,           0.0045284,             0.98983,                   1,               0.995,             0.80029,            0.017115,           0.0048508,           0.0029932,           0.0040105,           0.0040105,           0.0040105
                 123,            0.021501,           0.0058098,           0.0043265,             0.98998,                   1,               0.995,              0.7653,            0.018161,            0.004833,            0.002977,            0.003961,            0.003961,            0.003961
                 124,            0.022358,           0.0072096,            0.004921,             0.99002,                   1,               0.995,             0.78641,            0.017186,           0.0047695,           0.0029612,           0.0039115,           0.0039115,           0.0039115
                 125,            0.020717,           0.0057329,            0.004425,             0.99181,                   1,               0.995,             0.81193,             0.01771,           0.0048666,            0.002931,            0.003862,            0.003862,            0.003862
                 126,            0.021458,            0.006568,           0.0071009,             0.99077,                   1,               0.995,             0.79824,            0.017639,           0.0048945,           0.0029189,           0.0038125,           0.0038125,           0.0038125
                 127,            0.019446,           0.0066774,           0.0043402,             0.99148,                   1,               0.995,             0.80155,            0.016059,           0.0045991,           0.0028413,            0.003763,            0.003763,            0.003763
                 128,            0.021781,           0.0065049,           0.0046477,             0.99183,                   1,               0.995,             0.83789,            0.017177,           0.0046116,           0.0028051,           0.0037135,           0.0037135,           0.0037135
                 129,            0.019032,            0.006143,           0.0043702,             0.98895,                   1,               0.995,              0.8141,            0.018582,           0.0047806,           0.0027571,            0.003664,            0.003664,            0.003664
                 130,            0.021591,           0.0067841,           0.0055451,              0.9882,                   1,               0.995,             0.86287,            0.014805,           0.0045762,           0.0027591,           0.0036145,           0.0036145,           0.0036145
                 131,            0.019479,           0.0059516,           0.0047163,             0.98671,                   1,               0.995,             0.80738,            0.016748,           0.0047722,           0.0027269,            0.003565,            0.003565,            0.003565
                 132,            0.020644,           0.0062449,           0.0056819,              0.9866,                   1,               0.995,             0.82609,            0.016004,           0.0048063,           0.0027041,           0.0035155,           0.0035155,           0.0035155
                 133,            0.019901,            0.006709,           0.0040894,             0.98925,                   1,               0.995,             0.81786,            0.016103,           0.0047455,           0.0026575,            0.003466,            0.003466,            0.003466
                 134,            0.019869,           0.0066822,           0.0044088,             0.98978,                   1,               0.995,             0.86122,            0.014915,           0.0045935,           0.0026305,           0.0034165,           0.0034165,           0.0034165
                 135,            0.019876,           0.0067403,           0.0044634,             0.99156,                   1,               0.995,             0.84676,            0.015735,           0.0045312,           0.0025763,            0.003367,            0.003367,            0.003367
                 136,            0.019325,           0.0062325,           0.0037665,             0.99187,                   1,               0.995,             0.83486,            0.015059,           0.0045503,           0.0025587,           0.0033175,           0.0033175,           0.0033175
                 137,            0.020008,           0.0066055,           0.0049032,             0.99207,                   1,               0.995,              0.8312,            0.014509,           0.0046737,           0.0025152,            0.003268,            0.003268,            0.003268
                 138,            0.018966,           0.0058217,           0.0038307,             0.99244,                   1,               0.995,             0.82573,            0.015808,           0.0046034,           0.0024673,           0.0032185,           0.0032185,           0.0032185
                 139,            0.018723,           0.0069549,           0.0035544,             0.99203,                   1,               0.995,             0.82084,            0.015464,           0.0045702,           0.0024229,            0.003169,            0.003169,            0.003169
                 140,            0.018727,           0.0055949,           0.0039448,             0.99129,                   1,               0.995,             0.81615,            0.015623,           0.0046447,           0.0024038,           0.0031195,           0.0031195,           0.0031195
                 141,            0.018355,           0.0061017,           0.0040654,             0.99064,                   1,               0.995,             0.86508,              0.0139,           0.0045437,           0.0023869,             0.00307,             0.00307,             0.00307
                 142,            0.018603,           0.0062009,            0.005163,             0.99064,                   1,               0.995,             0.82021,            0.015736,           0.0046328,           0.0023787,           0.0030205,           0.0030205,           0.0030205
                 143,            0.017711,            0.005318,           0.0046934,             0.99142,                   1,               0.995,             0.88312,             0.01272,           0.0043595,           0.0023453,            0.002971,            0.002971,            0.002971
                 144,            0.017334,           0.0051373,           0.0037945,             0.99139,                   1,               0.995,             0.82922,            0.015083,           0.0045371,           0.0023246,           0.0029215,           0.0029215,           0.0029215
                 145,            0.017557,           0.0065614,           0.0041409,             0.99225,                   1,               0.995,             0.83314,            0.013565,           0.0043658,           0.0023187,            0.002872,            0.002872,            0.002872
                 146,            0.017272,           0.0057963,             0.00408,             0.99211,                   1,               0.995,             0.85522,            0.013854,           0.0044125,           0.0023145,           0.0028225,           0.0028225,           0.0028225
                 147,            0.017058,           0.0061277,           0.0038419,             0.99147,                   1,               0.995,             0.87914,            0.013485,           0.0043663,           0.0022744,            0.002773,            0.002773,            0.002773
                 148,            0.016446,            0.005406,           0.0042578,             0.99149,                   1,               0.995,             0.83895,            0.013402,           0.0043112,           0.0022465,           0.0027235,           0.0027235,           0.0027235
                 149,            0.018139,           0.0064683,           0.0045503,             0.99101,                   1,               0.995,             0.84531,            0.013332,           0.0044048,           0.0022117,            0.002674,            0.002674,            0.002674
                 150,             0.01713,           0.0062246,           0.0039068,             0.99143,                   1,               0.995,             0.88511,             0.01296,           0.0043287,            0.002188,           0.0026245,           0.0026245,           0.0026245
                 151,            0.016902,           0.0058359,             0.00315,             0.99138,                   1,               0.995,              0.8666,            0.013418,           0.0042658,           0.0021502,            0.002575,            0.002575,            0.002575
                 152,            0.016847,            0.006001,           0.0030761,             0.99127,                   1,               0.995,             0.87437,            0.012957,           0.0042729,           0.0021307,           0.0025255,           0.0025255,           0.0025255
                 153,            0.016662,           0.0058795,           0.0052611,             0.99167,                   1,               0.995,             0.87572,            0.013307,           0.0043281,           0.0021117,            0.002476,            0.002476,            0.002476
                 154,            0.017395,           0.0068901,           0.0038212,             0.99208,                   1,               0.995,             0.86843,            0.012743,           0.0042456,           0.0020986,           0.0024265,           0.0024265,           0.0024265
                 155,            0.017398,           0.0059678,           0.0041115,             0.99228,                   1,               0.995,             0.88322,            0.012062,           0.0042072,           0.0020451,            0.002377,            0.002377,            0.002377
                 156,            0.016666,           0.0054967,           0.0045287,             0.99249,                   1,               0.995,             0.87753,            0.012613,           0.0042505,            0.002021,           0.0023275,           0.0023275,           0.0023275
                 157,            0.015548,           0.0056511,           0.0034135,             0.99302,                   1,               0.995,             0.86858,            0.012755,           0.0042204,           0.0019641,            0.002278,            0.002278,            0.002278
                 158,            0.015783,           0.0063967,           0.0028273,             0.99311,                   1,               0.995,             0.89781,             0.01175,           0.0041269,           0.0019491,           0.0022285,           0.0022285,           0.0022285
                 159,            0.015193,           0.0060118,           0.0028419,             0.99317,                   1,               0.995,             0.87451,            0.013004,           0.0042078,           0.0019141,            0.002179,            0.002179,            0.002179
                 160,            0.015941,           0.0053525,           0.0033611,             0.99328,                   1,               0.995,             0.88316,            0.012045,           0.0041662,           0.0018932,           0.0021295,           0.0021295,           0.0021295
                 161,            0.014831,           0.0059104,           0.0038615,             0.99249,                   1,               0.995,             0.88977,            0.012395,           0.0042324,           0.0018469,             0.00208,             0.00208,             0.00208
                 162,            0.015801,           0.0062342,           0.0040984,             0.99125,                   1,               0.995,             0.88802,            0.011479,           0.0041457,            0.001828,           0.0020305,           0.0020305,           0.0020305
                 163,            0.014894,           0.0054377,           0.0042129,               0.991,                   1,               0.995,             0.88857,            0.011663,            0.004082,           0.0017878,            0.001981,            0.001981,            0.001981
                 164,            0.015862,           0.0050682,           0.0035033,             0.99109,                   1,               0.995,             0.87011,             0.01187,           0.0040859,            0.001769,           0.0019315,           0.0019315,           0.0019315
                 165,            0.015031,           0.0063571,           0.0035935,             0.99128,                   1,               0.995,             0.87322,            0.011745,           0.0040118,           0.0017357,            0.001882,            0.001882,            0.001882
                 166,            0.016156,           0.0050543,           0.0029042,             0.99138,                   1,               0.995,             0.87314,            0.012424,           0.0041346,           0.0017208,           0.0018325,           0.0018325,           0.0018325
                 167,            0.015335,           0.0057194,           0.0031887,             0.99137,                   1,               0.995,              0.8773,            0.011366,           0.0040617,            0.001698,            0.001783,            0.001783,            0.001783
                 168,            0.014158,           0.0048501,            0.003934,             0.99118,                   1,               0.995,             0.88771,            0.011814,           0.0041771,           0.0016876,           0.0017335,           0.0017335,           0.0017335
                 169,             0.01392,           0.0051234,           0.0027261,             0.99115,                   1,               0.995,             0.87118,            0.011583,           0.0041079,           0.0016697,            0.001684,            0.001684,            0.001684
                 170,            0.013537,           0.0053488,           0.0024801,             0.99137,                   1,               0.995,             0.88256,            0.011654,           0.0040598,           0.0016598,           0.0016345,           0.0016345,           0.0016345
                 171,            0.014526,           0.0051145,           0.0037062,              0.9918,                   1,               0.995,               0.887,            0.011563,           0.0040606,           0.0016366,            0.001585,            0.001585,            0.001585
                 172,            0.013628,           0.0052572,           0.0027151,             0.99233,                   1,               0.995,             0.89727,            0.010677,           0.0039635,           0.0016268,           0.0015355,           0.0015355,           0.0015355
                 173,            0.012924,           0.0054683,           0.0034226,             0.99294,                   1,               0.995,             0.87439,             0.01156,            0.003993,           0.0016193,            0.001486,            0.001486,            0.001486
                 174,            0.013649,           0.0045267,           0.0022831,              0.9929,                   1,               0.995,              0.8923,            0.010429,           0.0038423,           0.0016184,           0.0014365,           0.0014365,           0.0014365
                 175,            0.014041,           0.0067621,           0.0031937,             0.99302,                   1,               0.995,             0.89701,            0.011567,           0.0039569,           0.0016118,            0.001387,            0.001387,            0.001387
                 176,             0.01375,           0.0057326,           0.0028206,               0.993,                   1,               0.995,             0.90232,            0.010235,           0.0038075,           0.0016065,           0.0013375,           0.0013375,           0.0013375
                 177,            0.013151,            0.005432,           0.0039093,             0.99299,                   1,               0.995,              0.8946,            0.010373,           0.0038082,           0.0015947,            0.001288,            0.001288,            0.001288
                 178,            0.012849,           0.0059881,           0.0029801,             0.99323,                   1,               0.995,             0.90572,              0.0103,           0.0038417,           0.0015875,           0.0012385,           0.0012385,           0.0012385
                 179,            0.012371,           0.0050619,           0.0037234,             0.99326,                   1,               0.995,             0.89457,             0.01037,           0.0038365,           0.0015688,            0.001189,            0.001189,            0.001189
                 180,            0.013141,           0.0052596,           0.0034356,             0.99335,                   1,               0.995,             0.90064,            0.010137,           0.0037877,           0.0015597,           0.0011395,           0.0011395,           0.0011395
                 181,            0.013234,           0.0049699,           0.0023853,             0.99353,                   1,               0.995,             0.89845,            0.010342,           0.0038032,           0.0015406,             0.00109,             0.00109,             0.00109
                 182,            0.014375,           0.0053105,           0.0039558,              0.9934,                   1,               0.995,             0.91064,           0.0098545,           0.0037363,           0.0015319,           0.0010405,           0.0010405,           0.0010405
                 183,            0.012429,           0.0050637,            0.003035,             0.99334,                   1,               0.995,             0.91459,           0.0097684,           0.0037492,            0.001508,            0.000991,            0.000991,            0.000991
                 184,            0.012961,           0.0051966,           0.0022248,             0.99347,                   1,               0.995,             0.91378,           0.0094452,            0.003689,           0.0014933,           0.0009415,           0.0009415,           0.0009415
                 185,            0.012424,           0.0055395,           0.0032069,             0.99355,                   1,               0.995,             0.90766,           0.0095687,           0.0036697,           0.0014747,            0.000892,            0.000892,            0.000892
                 186,            0.012524,           0.0054249,           0.0037765,             0.99355,                   1,               0.995,             0.92053,           0.0095076,           0.0036521,           0.0014641,           0.0008425,           0.0008425,           0.0008425
                 187,            0.011694,           0.0050361,           0.0033069,             0.99359,                   1,               0.995,             0.90377,           0.0098749,           0.0037128,           0.0014437,            0.000793,            0.000793,            0.000793
                 188,            0.012592,           0.0049038,           0.0028648,             0.99367,                   1,               0.995,             0.90278,           0.0095119,           0.0036688,           0.0014373,           0.0007435,           0.0007435,           0.0007435
                 189,            0.013057,           0.0060133,           0.0027246,             0.99367,                   1,               0.995,             0.91114,           0.0096279,           0.0036542,           0.0014169,            0.000694,            0.000694,            0.000694
                 190,            0.012304,           0.0056625,           0.0031775,             0.99362,                   1,               0.995,             0.91927,           0.0093838,           0.0036283,           0.0014076,           0.0006445,           0.0006445,           0.0006445
                 191,            0.011818,           0.0051996,           0.0025432,             0.99359,                   1,               0.995,             0.90654,           0.0095438,           0.0036554,           0.0013917,            0.000595,            0.000595,            0.000595
                 192,            0.012578,           0.0053693,           0.0022177,             0.99343,                   1,               0.995,             0.91806,           0.0090723,           0.0035975,           0.0013854,           0.0005455,           0.0005455,           0.0005455
                 193,            0.012544,           0.0054695,           0.0026418,             0.99351,                   1,               0.995,             0.91451,           0.0092633,           0.0036268,            0.001371,            0.000496,            0.000496,            0.000496
                 194,            0.012574,           0.0059283,           0.0028335,             0.99337,                   1,               0.995,             0.92038,           0.0089562,           0.0035924,           0.0013653,           0.0004465,           0.0004465,           0.0004465
                 195,            0.011243,           0.0050727,           0.0023194,             0.99313,                   1,               0.995,             0.91837,           0.0090691,           0.0036057,           0.0013486,            0.000397,            0.000397,            0.000397
                 196,              0.0125,           0.0058718,           0.0026369,             0.99304,                   1,               0.995,             0.91878,           0.0090026,           0.0035909,           0.0013421,           0.0003475,           0.0003475,           0.0003475
                 197,            0.012841,            0.005567,           0.0028999,             0.99301,                   1,               0.995,             0.92078,           0.0089253,           0.0035775,           0.0013297,            0.000298,            0.000298,            0.000298
                 198,            0.012082,           0.0050557,           0.0019641,             0.99307,                   1,               0.995,             0.92114,           0.0090053,           0.0035903,           0.0013244,           0.0002485,           0.0002485,           0.0002485
                 199,            0.012361,           0.0050207,           0.0034311,             0.99349,                   1,               0.995,             0.91268,           0.0091792,           0.0036172,           0.0013105,            0.000199,            0.000199,            0.000199
